{
  "Logistic Regression": {
    "Accuracy": 0.8038379530916845,
    "Precision": 0.649390243902439,
    "Recall": 0.56951871657754,
    "F1": 0.6068376068376068,
    "ROC-AUC": 0.836195650485839
  },
  "Decision Tree": {
    "Accuracy": 0.7569296375266524,
    "Precision": 0.5425531914893617,
    "Recall": 0.5454545454545454,
    "F1": 0.544,
    "ROC-AUC": 0.7840372002008583
  },
  "Random Forest": {
    "Accuracy": 0.7917555081734187,
    "Precision": 0.6363636363636364,
    "Recall": 0.5053475935828877,
    "F1": 0.563338301043219,
    "ROC-AUC": 0.8213241117973193
  },
  "KNN": {
    "Accuracy": 0.7619047619047619,
    "Precision": 0.5511811023622047,
    "Recall": 0.5614973262032086,
    "F1": 0.5562913907284768,
    "ROC-AUC": 0.7961482313597795
  },
  "SVM": {
    "Accuracy": 0.7960199004975125,
    "Precision": 0.6505190311418685,
    "Recall": 0.5026737967914439,
    "F1": 0.5671191553544495,
    "ROC-AUC": 0.7872131427595239
  },
  "XGBoost": {
    "Accuracy": 0.7746979388770433,
    "Precision": 0.5845697329376854,
    "Recall": 0.5267379679144385,
    "F1": 0.5541490857946554,
    "ROC-AUC": 0.8119205263730063
  },
  "RF Tuned": {
    "Accuracy": 0.7960199004975125,
    "Precision": 0.6435643564356436,
    "Recall": 0.5213903743315508,
    "F1": 0.5760709010339734,
    "ROC-AUC": 0.8347332156483117
  },
  "XGB Tuned": {
    "Accuracy": 0.7945984363894811,
    "Precision": 0.631578947368421,
    "Recall": 0.5454545454545454,
    "F1": 0.5853658536585366,
    "ROC-AUC": 0.8380877564437725
  }
}